{
 "apps":  {
  "gop":  {
   "name":  {
    "part":  [
     "gop"
    ]
   },
   "attrs":  {
    "package":  {
     "s":  "gop"
    }
   },
   "endpoints":  {
    "GET /":  {
     "name":  "GET /",
     "attrs":  {
      "patterns":  {
       "a":  {
        "elt":  [
         {
          "s":  "rest"
         }
        ]
       }
      }
     },
     "stmt":  [
      {
       "ret":  {
        "payload":  "ok <: object"
       }
      }
     ],
     "restParams":  {
      "method":  "GET",
      "path":  "/",
      "queryParam":  [
       {
        "name":  "resource",
        "type":  {
         "primitive":  "STRING",
         "sourceContext":  {
          "file":  "gop.sysl",
          "start":  {
           "line":  11,
           "col":  13
          },
          "end":  {
           "line":  11,
           "col":  22
          }
         }
        }
       },
       {
        "name":  "version",
        "type":  {
         "primitive":  "STRING",
         "sourceContext":  {
          "file":  "gop.sysl",
          "start":  {
           "line":  11,
           "col":  29
          },
          "end":  {
           "line":  11,
           "col":  37
          }
         }
        }
       }
      ]
     },
     "sourceContext":  {
      "file":  "gop.sysl",
      "start":  {
       "line":  11,
       "col":  8
      },
      "end":  {
       "line":  12,
       "col":  31
      }
     }
    }
   },
   "types":  {
    "object":  {
     "tuple":  {
      "attrDefs":  {
       "content":  {
        "primitive":  "STRING",
        "sourceContext":  {
         "file":  "gop.sysl",
         "start":  {
          "line":  5,
          "col":  19
         },
         "end":  {
          "line":  5,
          "col":  19
         }
        }
       },
       "imported":  {
        "primitive":  "BOOL",
        "sourceContext":  {
         "file":  "gop.sysl",
         "start":  {
          "line":  9,
          "col":  20
         },
         "end":  {
          "line":  9,
          "col":  20
         }
        }
       },
       "processed":  {
        "primitive":  "STRING",
        "opt":  true,
        "sourceContext":  {
         "file":  "gop.sysl",
         "start":  {
          "line":  6,
          "col":  21
         },
         "end":  {
          "line":  6,
          "col":  27
         }
        }
       },
       "repo":  {
        "primitive":  "STRING",
        "sourceContext":  {
         "file":  "gop.sysl",
         "start":  {
          "line":  7,
          "col":  16
         },
         "end":  {
          "line":  7,
          "col":  16
         }
        }
       },
       "resource":  {
        "primitive":  "STRING",
        "sourceContext":  {
         "file":  "gop.sysl",
         "start":  {
          "line":  8,
          "col":  20
         },
         "end":  {
          "line":  8,
          "col":  20
         }
        }
       },
       "version":  {
        "primitive":  "STRING",
        "sourceContext":  {
         "file":  "gop.sysl",
         "start":  {
          "line":  4,
          "col":  19
         },
         "end":  {
          "line":  4,
          "col":  19
         }
        }
       }
      }
     },
     "sourceContext":  {
      "file":  "gop.sysl",
      "start":  {
       "line":  3,
       "col":  4
      },
      "end":  {
       "line":  10,
       "col":  4
      }
     }
    }
   },
   "sourceContext":  {
    "file":  "gop.sysl",
    "start":  {
     "line":  1,
     "col":  1
    },
    "end":  {
     "line":  1
    }
   }
  }
 }
}